{
  "Version": "2012-10-17",
  "Id": "__default_policy_ID",
  "Statement": [
    {
      "Sid": "__owner_statement",
      "Effect": "Allow",
      "Principal": {
        "AWS": "arn:aws:iam::440197809615:root"
      },
      "Action": "SQS:*",
      "Resource": "arn:aws:sqs:ap-southeast-1:440197809615:signal-request-queue-${env}"
    },
    {
      "Sid": "__sender_statement",
      "Effect": "Allow",
      "Principal": {
        "AWS": "${sender_arn}"
      },
      "Action": "SQS:SendMessage",
      "Resource": "arn:aws:sqs:ap-southeast-1:440197809615:signal-request-queue-${env}"
    }
  ]
}