{
  "Version": "2012-10-17",
  "Statement": [
      {
          "Sid": "allowinvokegemslambdafunctionbackend",
          "Effect": "Allow",
          "Action": [
              "lambda:InvokeFunction"
          ],
          "Resource": [
              "arn:aws:lambda:ap-southeast-1:506044219754:function:gems-launch-vps:dev",
              "arn:aws:lambda:ap-southeast-1:506044219754:function:gems-vps-changestate:dev",
              "arn:aws:lambda:ap-southeast-1:506044219754:function:gems-vps-resetpassword:dev",
              "arn:aws:lambda:ap-southeast-1:506044219754:function:gems-vps-runcommand-installmt4:dev",
              "arn:aws:lambda:ap-southeast-1:506044219754:function:gems-vps-runcommand-copyfile:dev"
          ]
      },
      {  
          "Sid": "GemsAccountUATBucketAccess",
          "Effect": "Allow",
          "Action": [
              "s3:GetObject",
              "s3:PutObject",
              "s3:PutObjectAcl",
              "s3:ListBucket"
          ],
          "Resource": [
            "arn:aws:s3:::gems-webapp-resource-uat",
            "arn:aws:s3:::gems-webapp-resource-uat/*",
            "arn:aws:s3:::gems-vendor",
            "arn:aws:s3:::gems-vendor/*"
          ]
    }
  ]
}